[
    {
      "MST": "234",
      "address": "Long Xuyen- An Giang",
      "birthday": "28-10-1994",
      "csm": "long",
      "details": "khong",
      "email": "quang@gmail.com",
      "level": "1",
      "name": "Pham Van Luong",
      "phone": "01632005555",
      "pwd": "123",
      "regday": "17-10-2017",
      "total": "1000",
      "type": "guess",
      "uname": "luong"
    },
    {
      "MST": "234",
      "address": "Binh Giang- Hai Duong",
      "birthday": "18-11-1994",
      "csm": "mai",
      "details": "khong",
      "email": "long@gmail.com",
      "level": "2",
      "name": "Doan Quang Long",
      "phone": "01632005556",
      "pwd": "123",
      "regday": "17-10-2017",
      "total": "1000",
      "type": "guess",
      "uname": "long"
    },
    {
      "MST": "234",
      "address": "Binh Giang- Hai Duong",
      "birthday": "18-11-1994",
      "csm": "mai",
      "details": "khong",
      "email": "linh@gmail.com",
      "level": "2",
      "name": "Bach Thi Dieu Linh",
      "phone": "01632005556",
      "pwd": "123",
      "regday": "17-10-2017",
      "total": "1000",
      "type": "guess",
      "uname": "long"
    },
    {
      "MST": "234",
      "address": "Binh Giang- Hai Duong",
      "birthday": "18-11-1994",
      "csm": "mai",
      "details": "khong",
      "email": "linh@gmail.com",
      "level": "2",
      "name": "Bach Thi Dieu Linh",
      "phone": "01632005556",
      "pwd": "123",
      "regday": "17-10-2017",
      "total": "1000",
      "type": "guess",
      "uname": "linh"
    },
    {
      "MST": "456",
      "address": "Thach Ha- Ha Tinh",
      "birthday": "18-11-1994",
      "csm": "hoanganh",
      "details": "khong",
      "email": "huyen@gmail.com",
      "level": "2",
      "name": "Tran Thi Huyen",
      "phone": "01632005556",
      "pwd": "123",
      "regday": "17-10-2017",
      "total": "1000",
      "type": "guess",
      "uname": "huyen"
    },
    {
      "MST": "999",
      "address": "cho kho-Tinh Gia- Thanh Hoa",
      "birthday": "18-11-1994",
      "csm": "hoanganh",
      "details": "khong",
      "email": "trang@gmail.com",
      "level": "2",
      "name": "Le Thi Trang",
      "phone": "016320055333",
      "pwd": "123",
      "regday": "17-10-2017",
      "total": "1000",
      "type": "guess",
      "uname": "trang"
    },
    {
      "MST": "001",
      "address": "Dien Chau- Nghe An",
      "birthday": "28-10-1994",
      "csm": "hoanganh",
      "details": "khong",
      "email": "viet@gmail.com",
      "level": "1",
      "name": "Le Minh Viet",
      "phone": "01632005555",
      "pwd": "123",
      "regday": "17-10-2017",
      "total": "1000",
      "type": "guess",
      "uname": "viet"
    },
    {
      "MST": "002",
      "address": "Tho Xuan-Thanh Hoa",
      "birthday": "18-11-1994",
      "csm": "mailan",
      "details": "khong",
      "email": "long@gmail.com",
      "level": "2",
      "name": "Le Tien Dung",
      "phone": "01632005556",
      "pwd": "123",
      "regday": "17-10-2017",
      "total": "1000",
      "type": "guess",
      "uname": "dung"
    }
  ]
