{
  "result": [
    {
      "BH": "10",
      "HSX": "samsung",
      "NCC": "samsung nghe an",
      "VAT": "10",
      "details": "hang moi ve",
      "link_image": "",
      "name": "sam sung galaxy s7 age",
      "orderform": "hd1",
      "ordername": "",
      "pricebuy": "200",
      "pricepay": "250",
      "serial": "hh01",
      "status": "con hang",
      "warehouse": "ha noi"
    },
    {
      "BH": "10",
      "HSX": "samsung",
      "NCC": "samsung ha noi",
      "VAT": "10",
      "details": "hang moi ve",
      "link_image": "",
      "name": "sam sung galaxy s7 age",
      "orderform": "hd1",
      "ordername": "",
      "pricebuy": "200",
      "pricepay": "250",
      "serial": "hh02",
      "status": "con hang",
      "warehouse": "ha noi"
    },
    {
      "BH": "10",
      "HSX": "samsung",
      "NCC": "samsung",
      "VAT": "10",
      "details": "hang moi ve",
      "link_image": "",
      "name": "sam sung galaxy s7 age",
      "orderform": "hd1",
      "ordername": "",
      "pricebuy": "200",
      "pricepay": "250",
      "serial": "hh03",
      "status": "con hang",
      "warehouse": "ha noi"
    },
    {
      "BH": "10",
      "HSX": "samsung",
      "NCC": "Dien may xanh",
      "VAT": "10",
      "details": "hang moi ve",
      "link_image": "",
      "name": "sam sung galaxy s7 age",
      "orderform": "hd1",
      "ordername": "",
      "pricebuy": "200",
      "pricepay": "250",
      "serial": "hh04",
      "status": "con hang",
      "warehouse": "ha noi"
    },
    {
      "BH": "10",
      "HSX": "apple",
      "NCC": "apple ha noi",
      "VAT": "10",
      "details": "hang moi ve",
      "link_image": "",
      "name": "iphone X",
      "orderform": "hd2",
      "ordername": "",
      "pricebuy": "200",
      "pricepay": "250",
      "serial": "hh05",
      "status": "con hang",
      "warehouse": "ha noi"
    },
    {
      "BH": "10",
      "HSX": "apple",
      "NCC": "apple ha noi",
      "VAT": "10",
      "details": "hang moi ve",
      "link_image": "",
      "name": "iphone 8",
      "orderform": "hd2",
      "ordername": "",
      "pricebuy": "200",
      "pricepay": "250",
      "serial": "hh06",
      "status": "con hang",
      "warehouse": "ha noi"
    },
    {
      "BH": "10",
      "HSX": "apple",
      "NCC": "apple ha noi",
      "VAT": "10",
      "details": "hang moi ve",
      "link_image": "",
      "name": "iphone 8+",
      "orderform": "hd2",
      "ordername": "",
      "pricebuy": "200",
      "pricepay": "250",
      "serial": "hh07",
      "status": "con hang",
      "warehouse": "ha noi"
    },
    {
      "BH": "10",
      "HSX": "apple",
      "NCC": "apple ha noi",
      "VAT": "10",
      "details": "hang moi ve",
      "link_image": "",
      "name": "iphone 7+",
      "orderform": "hd2",
      "ordername": "",
      "pricebuy": "200",
      "pricepay": "250",
      "serial": "hh08",
      "status": "con hang",
      "warehouse": "ha noi"
    },
    {
      "BH": "10",
      "HSX": "apple",
      "NCC": "apple ha noi",
      "VAT": "10",
      "details": "hang moi ve",
      "link_image": "",
      "name": "iphone 7",
      "orderform": "hd2",
      "ordername": "",
      "pricebuy": "200",
      "pricepay": "250",
      "serial": "hh09",
      "status": "con hang",
      "warehouse": "ha noi"
    }
  ]
}
